{"USDEUR=X": 0.9617999792098999, "USDJPY=X": 154.3699951171875, "USDGBP=X": 0.8031499981880188, "USDAUD=X": 1.5902600288391113, "USDCAD=X": 1.4281699657440186, 
                "EURUSD=X": 1.039717197418213, "EURJPY=X": 160.45599365234375, "EURGBP=X": 0.8348399996757507, "EURAUD=X": 1.653290033340454, "EURCAD=X": 1.4844800233840942, 
                "JPYUSD=X": 0.0064779007807374, "JPYEUR=X": 0.006230199709534645, "JPYGBP=X": 0.005197999998927116, "JPYAUD=X": 0.01029600016772747, "JPYCAD=X": 0.009244999848306179, 
                "GBPUSD=X": 1.2450973987579346, "GBPEUR=X": 1.1976699829101562, "GBPJPY=X": 192.19200134277344, "GBPAUD=X": 1.980180025100708, "GBPCAD=X": 1.778059959411621, 
                "AUDUSD=X": 0.6288279891014099, "AUDEUR=X": 0.6046900153160095, "AUDJPY=X": 97.0530014038086, "AUDGBP=X": 0.5046600103378296, "AUDCAD=X": 0.8978599905967712, 
                "CADUSD=X": 0.7001672983169556, "CADEUR=X": 0.67330002784729, "CADJPY=X": 108.08300018310547, "CADGBP=X": 0.5618000030517578, "CADAUD=X": 1.1130000352859497}