{"USDEUR=X": 0.9527000188827515, "USDJPY=X": 152.3000030517578, "USDGBP=X": 0.7943900227546692, "USDAUD=X": 1.572849988937378, "USDCAD=X": 1.4170399904251099, "USDCHF=X": 0.8993099927902222, "USDCNY=X": 7.252999782562256, "USDHKD=X": 7.784299850463867, "USDSGD=X": 1.3389899730682373, "USDOMR=X": 0.3849000036716461, "USDMXN=X": 20.31072998046875, "USDPHP=X": 57.72800064086914, "USDTHB=X": 33.689998626708984, "USDMYR=X": 4.432000160217285, "USDZAR=X": 18.354610443115234, "USDRUB=X": 91.10099792480469, "USDSEK=X": 10.69202995300293, "USDKRW=X": 1439.4100341796875, "USDNOK=X": 11.112629890441895, "USDNZD=X": 1.743299961090088, "USDINR=X": 86.58200073242188, "USDTWD=X": 32.67300033569336, "USDBRL=X": 5.70419979095459, "USDDKK=X": 7.108799934387207, "EURUSD=X": 1.049648404121399, "EURJPY=X": 159.83200073242188, "EURGBP=X": 0.833620011806488, "EURAUD=X": 1.6509599685668945, "EURCAD=X": 1.4870799779891968, "EURCHF=X": 0.9437599778175354, "EURCNY=X": 7.618500232696533, "EURHKD=X": 8.168800354003906, "EURSGD=X": 1.4049899578094482, "EUROMR=X": 0.40428000688552856, "EURMXN=X": 21.31525993347168, "EURPHP=X": 60.57899856567383, "EURTHB=X": 35.33100128173828, "EURMYR=X": 4.657299995422363, "EURZAR=X": 19.26219940185547, "EURRUB=X": 95.70600128173828, "EURSEK=X": 11.221099853515625, "EURKRW=X": 1509.800048828125, "EURNOK=X": 11.661829948425293, "EURNZD=X": 1.8296699523925781, "EURINR=X": 90.98200225830078, "EURTWD=X": 34.310001373291016, "EURBRL=X": 5.985899925231934, "EURDKK=X": 7.460619926452637, "JPYUSD=X": 0.0065660313703119755, "JPYEUR=X": 0.006255300249904394, "JPYGBP=X": 0.0052109998650848866, "JPYAUD=X": 0.010324000380933285, "JPYCAD=X": 0.00930000003427267, "JPYCHF=X": 0.005903999786823988, "JPYCNY=X": 0.04757000133395195, "JPYHKD=X": 0.050859998911619186, "JPYSGD=X": 0.008740000426769257, "JPYOMR=X": 0.002478000009432435, "JPYMXN=X": 0.13333000242710114, "JPYPHP=X": 0.3765999972820282, "JPYTHB=X": 0.21889999508857727, "JPYMYR=X": 0.029069999232888222, "JPYZAR=X": 0.1205499991774559, "JPYRUB=X": 0.5932000279426575, "JPYSEK=X": 0.06971000134944916, "JPYKRW=X": 9.428999900817871, "JPYNOK=X": 0.07291200011968613, "JPYNZD=X": 0.011446000076830387, "JPYINR=X": 0.5682100057601929, "JPYTWD=X": 0.21220000088214874, "JPYBRL=X": 0.03733000159263611, "JPYDKK=X": 0.04665999859571457, "GBPUSD=X": 1.2588908672332764, "GBPEUR=X": 1.1993499994277954, "GBPJPY=X": 191.71400451660156, "GBPAUD=X": 1.9803099632263184, "GBPCAD=X": 1.7837200164794922, "GBPCHF=X": 1.1320799589157104, "GBPCNY=X": 9.144200325012207, "GBPHKD=X": 9.795999526977539, "GBPSGD=X": 1.685379981994629, "GBPOMR=X": 0.48410001397132874, "GBPMXN=X": 25.5664005279541, "GBPPHP=X": 72.66699981689453, "GBPTHB=X": 42.426998138427734, "GBPMYR=X": 5.589799880981445, "GBPZAR=X": 23.10746955871582, "GBPRUB=X": 114.81999969482422, "GBPSEK=X": 13.45734977722168, "GBPKRW=X": 1810.02001953125, "GBPNOK=X": 13.987250328063965, "GBPNZD=X": 2.1947999000549316, "GBPINR=X": 109.131103515625, "GBPTWD=X": 41.15700149536133, "GBPBRL=X": 7.180300235748291, "GBPDKK=X": 8.947600364685059, "AUDUSD=X": 0.6357885599136353, "AUDEUR=X": 0.6050000190734863, "AUDJPY=X": 96.80000305175781, "AUDGBP=X": 0.5041700005531311, "AUDCAD=X": 0.9007599949836731, "AUDCHF=X": 0.5714899897575378, "AUDCNY=X": 4.611400127410889, "AUDHKD=X": 4.946300029754639, "AUDSGD=X": 0.8511599898338318, "AUDOMR=X": 0.24230000376701355, "AUDMXN=X": 12.911399841308594, "AUDPHP=X": 36.694000244140625, "AUDTHB=X": 21.420000076293945, "AUDMYR=X": 2.8190999031066895, "AUDZAR=X": 11.675299644470215, "AUDRUB=X": 57.882999420166016, "AUDSEK=X": 6.794899940490723, "AUDKRW=X": 914.97998046875, "AUDNOK=X": 7.065899848937988, "AUDNZD=X": 1.1080299615859985, "AUDINR=X": 55.060001373291016, "AUDTWD=X": 20.738000869750977, "AUDBRL=X": 3.623800039291382, "AUDDKK=X": 4.51800012588501, "CADUSD=X": 0.7056814432144165, "CADEUR=X": 0.6722000241279602, "CADJPY=X": 107.45700073242188, "CADGBP=X": 0.5601000189781189, "CADAUD=X": 1.1096999645233154, "CADCHF=X": 0.6345400214195251, "CADCNY=X": 5.119699954986572, "CADHKD=X": 5.492030143737793, "CADSGD=X": 0.944599986076355, "CADOMR=X": 0.26660001277923584, "CADMXN=X": 14.335000038146973, "CADPHP=X": 40.69499969482422, "CADTHB=X": 23.781999588012695, "CADMYR=X": 3.1238999366760254, "CADZAR=X": 12.962499618530273, "CADRUB=X": 64.27899932861328, "CADSEK=X": 7.543700218200684, "CADKRW=X": 1015.8800048828125, "CADNOK=X": 7.838900089263916, "CADNZD=X": 1.2293000221252441, "CADINR=X": 61.11399841308594, "CADTWD=X": 23.075000762939453, "CADBRL=X": 4.024899959564209, "CADDKK=X": 5.015600204467773, "CHFUSD=X": 1.1119883060455322, "CHFEUR=X": 1.059000015258789, "CHFJPY=X": 169.31700134277344, "CHFGBP=X": 0.8827999830245972, "CHFAUD=X": 1.7472000122070312, "CHFCAD=X": 1.5746999979019165, "CHFCNY=X": 8.075200080871582, "CHFHKD=X": 8.655099868774414, "CHFSGD=X": 1.4887900352478027, "CHFOMR=X": 0.42739999294281006, "CHFMXN=X": 22.58690071105957, "CHFPHP=X": 64.18499755859375, "CHFTHB=X": 37.474998474121094, "CHFMYR=X": 4.936800003051758, "CHFZAR=X": 20.424100875854492, "CHFRUB=X": 101.41400146484375, "CHFSEK=X": 11.885430335998535, "CHFKRW=X": 1600.8900146484375, "CHFNOK=X": 12.356969833374023, "CHFNZD=X": 1.9384000301361084, "CHFINR=X": 96.38400268554688, "CHFTWD=X": 36.35300064086914, "CHFBRL=X": 6.342299938201904, "CHFDKK=X": 7.902699947357178, "CNYUSD=X": 0.13787399232387543, "CNYEUR=X": 0.1311900019645691, "CNYJPY=X": 20.972999572753906, "CNYGBP=X": 0.1092899963259697, "CNYAUD=X": 0.21199999749660492, "CNYCAD=X": 0.19480000436306, "CNYCHF=X": 0.12330000102519989, "CNYHKD=X": 1.0724999904632568, "CNYSGD=X": 0.18410000205039978, "CNYOMR=X": 0.053, "CNYMXN=X": 2.82, "CNYPHP=X": 7.959000110626221, "CNYTHB=X": 4.651400089263916, "CNYMYR=X": 0.6113399863243103, "CNYZAR=X": 2.5302000045776367, "CNYRUB=X": 12.660499572753906, "CNYSEK=X": 1.46, "CNYKRW=X": 198.52999877929688, "CNYNOK=X": 1.53, "CNYNZD=X": 0.23499999940395355, "CNYINR=X": 11.941900253295898, "CNYTWD=X": 4.509099960327148, "CNYBRL=X": 0.7877299785614014, "CNYDKK=X": 0.98, "HKDUSD=X": 0.12845875322818756, "HKDEUR=X": 0.122359998524189, "HKDJPY=X": 19.564050674438477, "HKDGBP=X": 0.10199999809265137, "HKDAUD=X": 0.20205000042915344, "HKDCAD=X": 0.1820099949836731, "HKDCHF=X": 0.11553000658750534, "HKDCNY=X": 0.9315000176429749, "HKDSGD=X": 0.17199000716209412, "HKDOMR=X": 0.049414001405239105, "HKDMXN=X": 2.6047000885009766, "HKDPHP=X": 7.416399955749512, "HKDTHB=X": 4.329500198364258, "HKDMYR=X": 0.5697500109672546, "HKDZAR=X": 2.3589000701904297, "HKDRUB=X": 11.14, "HKDSEK=X": 1.3723000288009644, "HKDKRW=X": 184.47000122070312, "HKDNOK=X": 1.4230999946594238, "HKDNZD=X": 0.22374999523162842, "HKDINR=X": 11.1274995803833, "HKDTWD=X": 4.200799942016602, "HKDBRL=X": 0.7326300144195557, "HKDDKK=X": 0.9130200147628784, "SGDUSD=X": 0.7466698288917542, "SGDEUR=X": 0.7112799882888794, "SGDJPY=X": 113.60600280761719, "SGDGBP=X": 0.5929399728775024, "SGDAUD=X": 1.1745100021362305, "SGDCAD=X": 1.05864918, "SGDCHF=X": 0.6712999939918518, "SGDCNY=X": 5.416600227355957, "SGDHKD=X": 5.807300090789795, "SGDOMR=X": 0.28696998953819275, "SGDMXN=X": 15.16670036315918, "SGDPHP=X": 43.108001708984375, "SGDTHB=X": 25.172199249267578, "SGDMYR=X": 3.311000108718872, "SGDZAR=X": 13.709099769592285, "SGDRUB=X": 68.01699829101562, "SGDSEK=X": 7.980299949645996, "SGDKRW=X": 1074.6700439453125, "SGDNOK=X": 8.298800468444824, "SGDNZD=X": 1.2970999479293823, "SGDINR=X": 64.6709976196289, "SGDTWD=X": 24.416000366210938, "SGDBRL=X": 4.257500171661377, "SGDDKK=X": 5.306099891662598, "OMRUSD=X": 2.5980772972106934, "OMREUR=X": 2.4677999019622803, "OMRJPY=X": 395.0799865722656, "OMRGBP=X": 2.057800054550171, "OMRAUD=X": 4.08050012588501, "OMRCAD=X": 3.6765999794006348, "OMRCHF=X": 2.3278000354766846, "OMRCNY=X": 18.83, "OMRHKD=X": 20.16699981689453, "OMRSGD=X": 3.473599910736084, "OMRMXN=X": 53.15, "OMRPHP=X": 150.3, "OMRTHB=X": 87.66, "OMRMYR=X": 11.48, "OMRZAR=X": 47.81, "OMRRUB=X": 224.85, "OMRSEK=X": 27.5, "OMRKRW=X": 3722.97,