{"C:USD-EUR": 0.9527000188827515, "C:USD-JPY": 152.3000030517578, "C:USD-GBP": 0.7943900227546692, "C:USD-AUD": 1.572849988937378, "C:USD-CAD": 1.4170399904251099, "C:USD-CHF": 0.8993099927902222, "C:USD-CNY": 7.252999782562256, "C:USD-HKD": 7.784299850463867, "C:USD-SGD": 1.3389899730682373, "C:USD-OMR": 0.3849000036716461, "C:USD-MXN": 20.31072998046875, "C:USD-PHP": 57.72800064086914, "C:USD-THB": 33.689998626708984, "C:USD-MYR": 4.432000160217285, "C:USD-ZAR": 18.354610443115234, "C:USD-RUB": 91.10099792480469, "C:USD-SEK": 10.69202995300293, "C:USD-KRW": 1439.4100341796875, "C:USD-NOK": 11.112629890441895, "C:USD-NZD": 1.743299961090088, "C:USD-INR": 86.58200073242188, "C:USD-TWD": 32.67300033569336, "C:USD-BRL": 5.70419979095459, "C:USD-DKK": 7.108799934387207, "C:EUR-USD": 1.049648404121399, "C:EUR-JPY": 159.83200073242188, "C:EUR-GBP": 0.833620011806488, "C:EUR-AUD": 1.6509599685668945, "C:EUR-CAD": 1.4870799779891968, "C:EUR-CHF": 0.9437599778175354, "C:EUR-CNY": 7.618500232696533, "C:EUR-HKD": 8.168800354003906, "C:EUR-SGD": 1.4049899578094482, "C:EUR-OMR": 0.40428000688552856, "C:EUR-MXN": 21.31525993347168, "C:EUR-PHP": 60.57899856567383, "C:EUR-THB": 35.33100128173828, "C:EUR-MYR": 4.657299995422363, "C:EUR-ZAR": 19.26219940185547, "C:EUR-RUB": 95.70600128173828, "C:EUR-SEK": 11.221099853515625, "C:EUR-KRW": 1509.800048828125, "C:EUR-NOK": 11.661829948425293, "C:EUR-NZD": 1.8296699523925781, "C:EUR-INR": 90.98200225830078, "C:EUR-TWD": 34.310001373291016, "C:EUR-BRL": 5.985899925231934, "C:EUR-DKK": 7.460619926452637, "C:JPY-USD": 0.0065660313703119755, "C:JPY-EUR": 0.006255300249904394, "C:JPY-GBP": 0.0052109998650848866, "C:JPY-AUD": 0.010324000380933285, "C:JPY-CAD": 0.00930000003427267, "C:JPY-CHF": 0.005903999786823988, "C:JPY-CNY": 0.04757000133395195, "C:JPY-HKD": 0.050859998911619186, "C:JPY-SGD": 0.008740000426769257, "C:JPY-OMR": 0.002478000009432435, "C:JPY-MXN": 0.13333000242710114, "C:JPY-PHP": 0.3765999972820282, "C:JPY-THB": 0.21889999508857727, "C:JPY-MYR": 0.029069999232888222, "C:JPY-ZAR": 0.1205499991774559, "C:JPY-RUB": 0.5932000279426575, "C:JPY-SEK": 0.06971000134944916, "C:JPY-KRW": 9.428999900817871, "C:JPY-NOK": 0.07291200011968613, "C:JPY-NZD": 0.011446000076830387, "C:JPY-INR": 0.5682100057601929, "C:JPY-TWD": 0.21220000088214874, "C:JPY-BRL": 0.03733000159263611, "C:JPY-DKK": 0.04665999859571457, "C:GBP-USD": 1.2588908672332764, "C:GBP-EUR": 1.1993499994277954, "C:GBP-JPY": 191.71400451660156, "C:GBP-AUD": 1.9803099632263184, "C:GBP-CAD": 1.7837200164794922, "C:GBP-CHF": 1.1320799589157104, "C:GBP-CNY": 9.144200325012207, "C:GBP-HKD": 9.795999526977539, "C:GBP-SGD": 1.685379981994629, "C:GBP-OMR": 0.48410001397132874, "C:GBP-MXN": 25.5664005279541, "C:GBP-PHP": 72.66699981689453, "C:GBP-THB": 42.426998138427734, "C:GBP-MYR": 5.589799880981445, "C:GBP-ZAR": 23.10746955871582, "C:GBP-RUB": 114.81999969482422, "C:GBP-SEK": 13.45734977722168, "C:GBP-KRW": 1810.02001953125, "C:GBP-NOK": 13.987250328063965, "C:GBP-NZD": 2.1947999000549316, "C:GBP-INR": 109.131103515625, "C:GBP-TWD": 41.15700149536133, "C:GBP-BRL": 7.180300235748291, "C:GBP-DKK": 8.947600364685059, "C:AUD-USD": 0.6357885599136353, "C:AUD-EUR": 0.6050000190734863, "C:AUD-JPY": 96.80000305175781, "C:AUD-GBP": 0.5041700005531311, "C:AUD-CAD": 0.9007599949836731, "C:AUD-CHF": 0.5714899897575378, "C:AUD-CNY": 4.611400127410889, "C:AUD-HKD": 4.946300029754639, "C:AUD-SGD": 0.8511599898338318, "C:AUD-OMR": 0.24230000376701355, "C:AUD-MXN": 12.911399841308594, "C:AUD-PHP": 36.694000244140625, "C:AUD-THB": 21.420000076293945, "C:AUD-MYR": 2.8190999031066895, "C:AUD-ZAR": 11.675299644470215, "C:AUD-RUB": 57.882999420166016, "C:AUD-SEK": 6.794899940490723, "C:AUD-KRW": 914.97998046875, "C:AUD-NOK": 7.065899848937988, "C:AUD-NZD": 1.1080299615859985, "C:AUD-INR": 55.060001373291016, "C:AUD-TWD": 20.738000869750977, "C:AUD-BRL": 3.623800039291382, "C:AUD-DKK": 4.51800012588501, "C:CAD-USD": 0.7056814432144165, "C:CAD-EUR": 0.6722000241279602, "C:CAD-JPY": 107.45700073242188, "C:CAD-GBP": 0.5601000189781189, "C:CAD-AUD": 1.1096999645233154, "C:CAD-CHF": 0.6345400214195251, "C:CAD-CNY": 5.119699954986572, "C:CAD-HKD": 5.492030143737793, "C:CAD-SGD": 0.944599986076355, "C:CAD-OMR": 0.26660001277923584, "C:CAD-MXN": 14.335000038146973, "C:CAD-PHP": 40.69499969482422, "C:CAD-THB": 23.781999588012695, "C:CAD-MYR": 3.1238999366760254, "C:CAD-ZAR": 12.962499618530273, "C:CAD-RUB": 64.27899932861328, "C:CAD-SEK": 7.543700218200684, "C:CAD-KRW": 1015.8800048828125, "C:CAD-NOK": 7.838900089263916, "C:CAD-NZD": 1.2293000221252441, "C:CAD-INR": 61.11399841308594, "C:CAD-TWD": 23.075000762939453, "C:CAD-BRL": 4.024899959564209, "C:CAD-DKK": 5.015600204467773, "C:CHF-USD": 1.1119883060455322, "C:CHF-EUR": 1.059000015258789, "C:CHF-JPY": 169.31700134277344, "C:CHF-GBP": 0.8827999830245972, "C:CHF-AUD": 1.7472000122070312, "C:CHF-CAD": 1.5746999979019165, "C:CHF-CNY": 8.075200080871582, "C:CHF-HKD": 8.655099868774414, "C:CHF-SGD": 1.4887900352478027, "C:CHF-OMR": 0.42739999294281006, "C:CHF-MXN": 22.58690071105957, "C:CHF-PHP": 64.18499755859375, "C:CHF-THB": 37.474998474121094, "C:CHF-MYR": 4.936800003051758, "C:CHF-ZAR": 20.424100875854492, "C:CHF-RUB": 101.41400146484375, "C:CHF-SEK": 11.885430335998535, "C:CHF-KRW": 1600.8900146484375, "C:CHF-NOK": 12.356969833374023, "C:CHF-NZD": 1.9384000301361084, "C:CHF-INR": 96.38400268554688, "C:CHF-TWD": 36.35300064086914, "C:CHF-BRL": 6.342299938201904, "C:CHF-DKK": 7.902699947357178, "C:CNY-USD": 0.13787399232387543, "C:CNY-EUR": 0.1311900019645691, "C:CNY-JPY": 20.972999572753906, "C:CNY-GBP": 0.1092899963259697, "C:CNY-AUD": 0.21199999749660492, "C:CNY-CAD": 0.19480000436306, "C:CNY-CHF": 0.12330000102519989, "C:CNY-HKD": 1.0724999904632568, "C:CNY-SGD": 0.18410000205039978, "C:CNY-OMR": 0.053, "C:CNY-MXN": 2.82, "C:CNY-PHP": 7.959000110626221, "C:CNY-THB": 4.651400089263916, "C:CNY-MYR": 0.6113399863243103, "C:CNY-ZAR": 2.5302000045776367, "C:CNY-RUB": 12.660499572753906, "C:CNY-SEK": 1.46, "C:CNY-KRW": 198.52999877929688, "C:CNY-NOK": 1.53, "C:CNY-NZD": 0.23499999940395355, "C:CNY-INR": 11.941900253295898, "C:CNY-TWD": 4.509099960327148, "C:CNY-BRL": 0.7877299785614014, "C:CNY-DKK": 0.98, "C:HKD-USD": 0.12845875322818756, "C:HKD-EUR": 0.122359998524189, "C:HKD-JPY": 19.564050674438477, "C:HKD-GBP": 0.10199999809265137, "C:HKD-AUD": 0.20205000042915344, "C:HKD-CAD": 0.1820099949836731, "C:HKD-CHF": 0.11553000658750534, "C:HKD-CNY": 0.9315000176429749, "C:HKD-SGD": 0.17199000716209412, "C:HKD-OMR": 0.049414001405239105, "C:HKD-MXN": 2.6047000885009766, "C:HKD-PHP": 7.416399955749512, "C:HKD-THB": 4.329500198364258, "C:HKD-MYR": 0.5697500109672546, "C:HKD-ZAR": 2.3589000701904297, "C:HKD-RUB": 11.14, "C:HKD-SEK": 1.3723000288009644, "C:HKD-KRW": 184.47000122070312, "C:HKD-NOK": 1.4230999946594238, "C:HKD-NZD": 0.22374999523162842, "C:HKD-INR": 11.1274995803833, "C:HKD-TWD": 4.200799942016602, "C:HKD-BRL": 0.7326300144195557, "C:HKD-DKK": 0.9130200147628784, "C:SGD-USD": 0.7466698288917542, "C:SGD-EUR": 0.7112799882888794, "C:SGD-JPY": 113.60600280761719, "C:SGD-GBP": 0.5929399728775024, "C:SGD-AUD": 1.1745100021362305, "C:SGD-CAD": 1.05864918, "C:SGD-CHF": 0.6712999939918518, "C:SGD-CNY": 5.416600227355957, "C:SGD-HKD": 5.807300090789795, "C:SGD-OMR": 0.28696998953819275, "C:SGD-MXN": 15.16670036315918, "C:SGD-PHP": 43.108001708984375, "C:SGD-THB": 25.172199249267578, "C:SGD-MYR": 3.311000108718872, "C:SGD-ZAR": 13.709099769592285, "C:SGD-RUB": 68.01699829101562, "C:SGD-SEK": 7.980299949645996, "C:SGD-KRW": 1074.6700439453125, "C:SGD-NOK": 8.298800468444824, "C:SGD-NZD": 1.2970999479293823, "C:SGD-INR": 64.6709976196289, "C:SGD-TWD": 24.416000366210938, "C:SGD-BRL": 4.257500171661377, "C:SGD-DKK": 5.306099891662598, "C:OMR-USD": 2.5980772972106934, "C:OMR-EUR": 2.4677999019622803, "C:OMR-JPY": 395.0799865722656, "C:OMR-GBP": 2.057800054550171, "C:OMR-AUD": 4.08050012588501, "C:OMR-CAD": 3.6765999794006348,