{"C:USD-EUR": 0.9617999792098999, "C:USD-JPY": 154.3699951171875, "C:USD-GBP": 0.8031499981880188, "C:USD-AUD": 1.5902600288391113, "C:USD-CAD": 1.4281699657440186, 
"C:EUR-USD": 1.039717197418213, "C:EUR-JPY": 160.45599365234375, "C:EUR-GBP": 0.8348399996757507, "C:EUR-AUD": 1.653290033340454, "C:EUR-CAD": 1.4844800233840942, 
"C:JPY-USD": 0.0064779007807374, "C:JPY-EUR": 0.006230199709534645, "C:JPY-GBP": 0.005197999998927116, "C:JPY-AUD": 0.01029600016772747, "C:JPY-CAD": 0.009244999848306179, 
"C:GBP-USD": 1.2450973987579346, "C:GBP-EUR": 1.1976699829101562, "C:GBP-JPY": 192.19200134277344, "C:GBP-AUD": 1.980180025100708, "C:GBP-CAD": 1.778059959411621, 
"C:AUD-USD": 0.6288279891014099, "C:AUD-EUR": 0.6046900153160095, "C:AUD-JPY": 97.0530014038086, "C:AUD-GBP": 0.5046600103378296, "C:AUD-CAD": 0.8978599905967712, 
"C:CAD-USD": 0.7001672983169556, "C:CAD-EUR": 0.67330002784729, "C:CAD-JPY": 108.08300018310547, "C:CAD-GBP": 0.5618000030517578, "C:CAD-AUD": 1.1130000352859497}